id,source,target,relationship,line_style,net,cable
E001,33kV SUPPLY A,TX-1611,power,solid,0,""
E002,TX-1611,CB-325,power,solid,1,""
E003,CB-325,TA-756,power,solid,2,""
E004,TA-756,BUS-484,power,solid,3,""
E005,TA-756,PM-1013,measurement,dashed,3,""
E006,BUS-484,CB-368,power,solid,3,"3#2/0 AWG"
E007,CB-368,TA-781,power,solid,5,""
E008,TA-781,PM-1072,measurement,dashed,6,""
E009,TA-781,CB-374,power,solid,6,""
E010,CB-374,MTR-1121,power,solid,7,""
E011,BUS-484,CB-356,power,solid,3,"3#4 AWG"
E012,CB-356,TA-740,power,solid,9,""
E013,TA-740,PM-1065,measurement,dashed,10,""
E014,TA-740,CB-351,power,solid,10,""
E015,CB-351,MTR-1105,power,solid,11,""
E016,BUS-484,CB-310,power,solid,3,"3#1/0 AWG"
E017,CB-310,TA-710,power,solid,13,""
E018,TA-710,PM-1047,measurement,dashed,14,""
E019,TA-710,PNL-1484,power,solid,14,""
