epoch,accuracy,loss,top3,val_accuracy,val_loss,val_top3
0,0.09127160161733627,3.8710837364196777,0.1995941698551178,0.16500000655651093,3.392151355743408,0.3449999988079071
1,0.4878048896789551,2.584078311920166,0.7118498682975769,0.7400000095367432,1.6024378538131714,0.9039999842643738
2,0.7829813361167908,1.8695836067199707,0.9128876328468323,0.9190000295639038,1.13629949092865,0.984000027179718
3,0.8648744225502014,1.6463561058044434,0.9468583464622498,0.9700000286102295,0.9429577589035034,0.9980000257492065
4,0.901732325553894,1.5350251197814941,0.9604465961456299,0.9380000233650208,1.1465766429901123,0.9789999723434448
5,0.9216907620429993,1.4604265689849854,0.9685733318328857,0.9919999837875366,0.8273114562034607,0.9990000128746033
6,0.933936357498169,1.3975046873092651,0.9740752577781677,0.9959999918937683,0.7954093217849731,1.0
7,0.9421438574790955,1.3554891347885132,0.9784263372421265,0.9950000047683716,0.780173122882843,0.9990000128746033
8,0.9443143010139465,1.3256423473358154,0.9808088541030884,0.9980000257492065,0.7711198925971985,1.0
9,0.9478678703308105,1.3011388778686523,0.9822726249694824,0.9980000257492065,0.7658029198646545,1.0
10,0.9498768448829651,1.2803996801376343,0.984947919845581,0.9980000257492065,0.7630128264427185,1.0
11,0.9507853984832764,1.2612454891204834,0.9867246747016907,0.996999979019165,0.7617857456207275,1.0
12,0.95160311460495,1.249487042427063,0.9881178140640259,0.996999979019165,0.7598679065704346,1.0
13,0.9525622129440308,1.240891933441162,0.9884913563728333,0.996999979019165,0.7599737644195557,0.9990000128746033
14,0.9513911604881287,1.2366458177566528,0.9888648986816406,0.996999979019165,0.7595413327217102,0.9990000128746033
