id,type,class,role,label,rating,bbox_x0,bbox_y0,bbox_x1,bbox_y1
BUS-490,bus,bus,bus,"BUS-490","",128.47,416,168.47,456
138kV SUPPLY A,utility,source,source,"138kV SUPPLY A","",233.65,32,269.65,74
TX-1603,transformer_yd,transformer,transformer,"TX-1603","38240 kVA",229.65,124,273.65,172
CB-399,breaker,breaker,main_breaker,"CB-399","ACB / 1600 A / 3P",233.65,234,269.65,270
TA-798,ct,ct,ct,"TA-798","3 CTs / 1600/5 A",241.65,328,261.65,360
PM-1092,watthour_meter,meter,meter,"PM-1092","kW / kWh",355.89,422,383.89,450
CB-344,breaker,breaker,feeder_breaker,"CB-344","MCCB / 160 A / 3P",130.47,546,166.47,582
TA-701,ct,ct,ct,"TA-701","3 CTs / 160/5 A",138.47,640,158.47,672
PM-1006,watthour_meter,meter,meter,"PM-1006","kW / kWh",68.84,734,96.84,762
PNL-1440,load,load,load,"PNL-1440","STATION SERVICE / 118 kW",194.1,736,234.1,760
